Sequence_Length,TritonKernel,TorchSDPA
128.000000,0.018709,0.039430
256.000000,0.033442,0.074034
512.000000,0.062346,0.147940
1024.000000,0.137317,0.418319
2048.000000,0.428973,1.442025
4096.000000,1.752840,5.929536
8192.000000,7.027712,22.120960
16384.000000,26.561195,89.246719
32678.000000,108.115967,341.115906
65356.000000,425.403381,1382.538208
130712.000000,2034.687988,5659.757324
