Sequence_Length,TritonKernel,TorchSDPA
128.000000,0.085889,0.117479
256.000000,0.141321,0.209675
512.000000,0.271136,0.467793
1024.000000,0.726272,1.450151
2048.000000,2.282302,5.145299
4096.000000,8.301569,19.728640
8192.000000,30.226774,77.454338
16384.000000,118.146049,299.800568
32678.000000,448.457733,1170.849731
65356.000000,1805.050903,4612.757324
130712.000000,7264.030762,18568.439453
