Sequence_Length,TritonKernel,TorchSDPA
128.000000,0.019538,0.039398
256.000000,0.033988,0.074824
512.000000,0.062134,0.145564
1024.000000,0.134378,0.401201
2048.000000,0.402971,1.382514
4096.000000,1.632327,5.392865
8192.000000,6.537488,20.791809
16384.000000,25.411242,84.911102
32678.000000,100.292610,325.250061
65356.000000,402.845703,1307.258911
130712.000000,1902.644165,5502.207031
