Sequence_Length,TritonKernel,TorchSDPA
128.000000,0.104371,0.118436
256.000000,0.168983,0.211631
512.000000,0.345086,0.468692
1024.000000,0.787060,1.437884
2048.000000,2.278531,5.219499
4096.000000,7.646293,19.144089
8192.000000,27.053057,77.328384
16384.000000,100.064255,294.679626
32678.000000,402.343933,1171.109863
65356.000000,1584.723999,4605.987793
130712.000000,6338.048828,18489.470703
