Sequence_Length,TritonKernel,TorchSDPA
128.000000,0.019103,0.038921
256.000000,0.034296,0.073444
512.000000,0.065241,0.145562
1024.000000,0.137395,0.404758
2048.000000,0.410762,1.362602
4096.000000,1.687969,5.744960
8192.000000,6.862139,21.944834
16384.000000,25.763159,85.773315
32678.000000,100.586494,327.609344
65356.000000,406.720520,1309.707275
130712.000000,1938.296875,5532.059570
