Sequence_Length,TritonKernel,TorchSDPA
128.000000,0.083659,0.118189
256.000000,0.132352,0.209252
512.000000,0.258269,0.464332
1024.000000,0.641317,1.410731
2048.000000,1.872324,5.180697
4096.000000,6.410787,19.376383
8192.000000,22.638081,74.219521
16384.000000,83.880959,294.613007
