Sequence_Length,TritonKernel,TorchSDPA
128.000000,0.084307,0.118450
256.000000,0.131689,0.209981
512.000000,0.258886,0.482520
1024.000000,0.648556,1.499370
2048.000000,1.976608,5.506410
4096.000000,6.728363,20.118784
8192.000000,23.227901,78.693375
16384.000000,86.836227,305.433594
32678.000000,337.658875,1191.178223
65356.000000,1339.792358,4781.535156
130712.000000,5419.083984,19202.474609
