S,TritonKernel,TorchSDPA
128.000000,0.018856,0.038984
256.000000,0.034628,0.074174
512.000000,0.062114,0.147299
1024.000000,0.134823,0.402959
2048.000000,0.410209,1.388893
