Sequence_Length,TritonKernel,TorchSDPA
128.000000,0.018822,0.038954
256.000000,0.033979,0.075132
512.000000,0.063055,0.147567
1024.000000,0.135814,0.407746
2048.000000,0.417005,1.402766
4096.000000,1.707700,5.631157
8192.000000,6.983339,22.247679
16384.000000,26.279253,87.555069
