Sequence_Length,TritonKernel,TorchSDPA
128.000000,0.091242,0.118275
256.000000,0.153020,0.210475
512.000000,0.355153,0.470262
1024.000000,1.037251,1.459295
2048.000000,3.701315,5.235587
4096.000000,14.014025,19.639040
8192.000000,53.045246,76.946434
16384.000000,205.985794,293.995514
32678.000000,822.809570,1173.087280
65356.000000,3288.573975,4604.448730
130712.000000,13049.522461,18507.716797
