Sequence_Length,TritonKernel,TorchSDPA
128.000000,0.018780,0.039586
256.000000,0.034011,0.074027
512.000000,0.061548,0.146890
1024.000000,0.134412,0.408647
2048.000000,0.416977,1.433168
4096.000000,1.730264,5.798528
8192.000000,6.946987,21.963778
16384.000000,25.820160,85.919746
32678.000000,104.659966,331.873291
65356.000000,414.017548,1334.324219
130712.000000,1979.602905,5480.635254
